[
  {"code": "GRU", "name": "São Paulo/Guarulhos", "city": "São Paulo", "state": "SP", "country": "BR", "type": "airport"},
  {"code": "CGH", "name": "São Paulo/Congonhas", "city": "São Paulo", "state": "SP", "country": "BR", "type": "airport"},
  {"code": "VCP", "name": "Viracopos/Campinas", "city": "Campinas", "state": "SP", "country": "BR", "type": "airport"},
  {"code": "GIG", "name": "Rio de Janeiro/Galeão", "city": "Rio de Janeiro", "state": "RJ", "country": "BR", "type": "airport"},
  {"code": "SDU", "name": "Rio de Janeiro/Santos Dumont", "city": "Rio de Janeiro", "state": "RJ", "country": "BR", "type": "airport"},
  {"code": "BSB", "name": "Brasília", "city": "Brasília", "state": "DF", "country": "BR", "type": "airport"},
  {"code": "CNF", "name": "Confins/Belo Horizonte", "city": "Belo Horizonte", "state": "MG", "country": "BR", "type": "airport"},
  {"code": "SSA", "name": "Salvador", "city": "Salvador", "state": "BA", "country": "BR", "type": "airport"},
  {"code": "FOR", "name": "Fortaleza", "city": "Fortaleza", "state": "CE", "country": "BR", "type": "airport"},
  {"code": "POA", "name": "Porto Alegre", "city": "Porto Alegre", "state": "RS", "country": "BR", "type": "airport"},
  {"code": "GYN", "name": "Goiânia", "city": "Goiânia", "state": "GO", "country": "BR", "type": "airport"},
  {"code": "SAOPAULO", "name": "São Paulo", "city": "São Paulo", "state": "SP", "country": "BR", "type": "city"},
  {"code": "RIOJANEIRO", "name": "Rio de Janeiro", "city": "Rio de Janeiro", "state": "RJ", "country": "BR", "type": "city"},
  {"code": "CAMPINAS", "name": "Campinas", "city": "Campinas", "state": "SP", "country": "BR", "type": "city"},
  {"code": "BRASILIA", "name": "Brasília", "city": "Brasília", "state": "DF", "country": "BR", "type": "city"},
  {"code": "BELOHORIZONTE", "name": "Belo Horizonte", "city": "Belo Horizonte", "state": "MG", "country": "BR", "type": "city"},
  {"code": "SALVADOR", "name": "Salvador", "city": "Salvador", "state": "BA", "country": "BR", "type": "city"},
  {"code": "FORTALEZA", "name": "Fortaleza", "city": "Fortaleza", "state": "CE", "country": "BR", "type": "city"},
  {"code": "PORTOALEGRE", "name": "Porto Alegre", "city": "Porto Alegre", "state": "RS", "country": "BR", "type": "city"},
  {"code": "GOIANIA", "name": "Goiânia", "city": "Goiânia", "state": "GO", "country": "BR", "type": "city"},
  {"code": "NYC", "name": "New York (multi-airport)", "city": "New York", "state": "NY", "country": "US", "type": "city"},
  {"code": "JFK", "name": "John F. Kennedy Intl", "city": "New York", "state": "NY", "country": "US", "type": "airport"},
  {"code": "LGA", "name": "LaGuardia", "city": "New York", "state": "NY", "country": "US", "type": "airport"},
  {"code": "EWR", "name": "Newark", "city": "Newark", "state": "NJ", "country": "US", "type": "airport"},
  {"code": "LAX", "name": "Los Angeles Intl", "city": "Los Angeles", "state": "CA", "country": "US", "type": "airport"},
  {"code": "SFO", "name": "San Francisco Intl", "city": "San Francisco", "state": "CA", "country": "US", "type": "airport"},
  {"code": "SJC", "name": "San Jose", "city": "San Jose", "state": "CA", "country": "US", "type": "airport"},
  {"code": "ORD", "name": "Chicago O'Hare", "city": "Chicago", "state": "IL", "country": "US", "type": "airport"},
  {"code": "MIA", "name": "Miami Intl", "city": "Miami", "state": "FL", "country": "US", "type": "airport"},
  {"code": "DFW", "name": "Dallas/Fort Worth", "city": "Dallas", "state": "TX", "country": "US", "type": "airport"},
  {"code": "IAH", "name": "Houston George Bush", "city": "Houston", "state": "TX", "country": "US", "type": "airport"},
  {"code": "ATL", "name": "Atlanta", "city": "Atlanta", "state": "GA", "country": "US", "type": "airport"},
  {"code": "SEA", "name": "Seattle/Tacoma", "city": "Seattle", "state": "WA", "country": "US", "type": "airport"},
  {"code": "DEN", "name": "Denver", "city": "Denver", "state": "CO", "country": "US", "type": "airport"},
  {"code": "BOS", "name": "Boston Logan", "city": "Boston", "state": "MA", "country": "US", "type": "airport"},
  {"code": "LOSANGELES", "name": "Los Angeles", "city": "Los Angeles", "state": "CA", "country": "US", "type": "city"},
  {"code": "SANFRANCISCO", "name": "San Francisco", "city": "San Francisco", "state": "CA", "country": "US", "type": "city"},
  {"code": "SANJOSE", "name": "San Jose", "city": "San Jose", "state": "CA", "country": "US", "type": "city"},
  {"code": "CHICAGO", "name": "Chicago", "city": "Chicago", "state": "IL", "country": "US", "type": "city"},
  {"code": "MIAMI", "name": "Miami", "city": "Miami", "state": "FL", "country": "US", "type": "city"},
  {"code": "DALLAS", "name": "Dallas", "city": "Dallas", "state": "TX", "country": "US", "type": "city"},
  {"code": "HOUSTON", "name": "Houston", "city": "Houston", "state": "TX", "country": "US", "type": "city"},
  {"code": "ATLANTA", "name": "Atlanta", "city": "Atlanta", "state": "GA", "country": "US", "type": "city"},
  {"code": "SEATTLE", "name": "Seattle", "city": "Seattle", "state": "WA", "country": "US", "type": "city"},
  {"code": "DENVER", "name": "Denver", "city": "Denver", "state": "CO", "country": "US", "type": "city"},
  {"code": "BOSTON", "name": "Boston", "city": "Boston", "state": "MA", "country": "US", "type": "city"}
]
